<?xml version="1.0" encoding="utf-8" standalone="yes"?><rss version="2.0" xmlns:atom="http://www.w3.org/2005/Atom"><channel><title>冷知识 on 花花世界</title><link>https://msutar.com/categories/%E5%86%B7%E7%9F%A5%E8%AF%86/</link><description>Recent content in 冷知识 on 花花世界</description><generator>Hugo -- gohugo.io</generator><language>zh-cn</language><lastBuildDate>Sun, 16 Aug 2020 00:00:00 +0000</lastBuildDate><atom:link href="https://msutar.com/categories/%E5%86%B7%E7%9F%A5%E8%AF%86/index.xml" rel="self" type="application/rss+xml"/><item><title>如何查看在 Github上的注册时间</title><link>https://msutar.com/2020/when-i-joined-github/</link><pubDate>Sun, 16 Aug 2020 00:00:00 +0000</pubDate><guid>https://msutar.com/2020/when-i-joined-github/</guid><description>你会好奇自己是什么时候注册的 Github 账户吗？</description></item></channel></rss>