<?xml version="1.0" encoding="utf-8" standalone="yes"?><rss version="2.0" xmlns:atom="http://www.w3.org/2005/Atom"><channel><title>记笔记 on 花花世界</title><link>https://msutar.com/tags/%E8%AE%B0%E7%AC%94%E8%AE%B0/</link><description>Recent content in 记笔记 on 花花世界</description><generator>Hugo -- gohugo.io</generator><language>zh-cn</language><lastBuildDate>Fri, 09 Jul 2021 00:00:00 +0000</lastBuildDate><atom:link href="https://msutar.com/tags/%E8%AE%B0%E7%AC%94%E8%AE%B0/index.xml" rel="self" type="application/rss+xml"/><item><title>笔记软件的选择(Typora + Github + PicGo)</title><link>https://msutar.com/2021/choose-a-note-app/</link><pubDate>Fri, 09 Jul 2021 00:00:00 +0000</pubDate><guid>https://msutar.com/2021/choose-a-note-app/</guid><description>工作这几年，陆陆续续也用了好几款笔记软件了，早几年，这些软件都还是免费的，慢慢的，大家都开始收费了，没办法，都是要生存的。</description></item></channel></rss>