<?xml version="1.0" encoding="utf-8" standalone="yes"?><rss version="2.0" xmlns:atom="http://www.w3.org/2005/Atom"><channel><title>Tags on 花花世界</title><link>https://msutar.com/tags/</link><description>Recent content in Tags on 花花世界</description><generator>Hugo -- gohugo.io</generator><language>zh-cn</language><lastBuildDate>Mon, 06 Sep 2021 00:00:00 +0000</lastBuildDate><atom:link href="https://msutar.com/tags/index.xml" rel="self" type="application/rss+xml"/><item><title>错误排查</title><link>https://msutar.com/tags/%E9%94%99%E8%AF%AF%E6%8E%92%E6%9F%A5/</link><pubDate>Mon, 06 Sep 2021 00:00:00 +0000</pubDate><guid>https://msutar.com/tags/%E9%94%99%E8%AF%AF%E6%8E%92%E6%9F%A5/</guid><description/></item><item><title>Chrome</title><link>https://msutar.com/tags/chrome/</link><pubDate>Fri, 06 Aug 2021 00:00:00 +0000</pubDate><guid>https://msutar.com/tags/chrome/</guid><description/></item><item><title>Github</title><link>https://msutar.com/tags/github/</link><pubDate>Fri, 09 Jul 2021 00:00:00 +0000</pubDate><guid>https://msutar.com/tags/github/</guid><description/></item><item><title>Typora</title><link>https://msutar.com/tags/typora/</link><pubDate>Fri, 09 Jul 2021 00:00:00 +0000</pubDate><guid>https://msutar.com/tags/typora/</guid><description/></item><item><title>记笔记</title><link>https://msutar.com/tags/%E8%AE%B0%E7%AC%94%E8%AE%B0/</link><pubDate>Fri, 09 Jul 2021 00:00:00 +0000</pubDate><guid>https://msutar.com/tags/%E8%AE%B0%E7%AC%94%E8%AE%B0/</guid><description/></item><item><title>Nacos</title><link>https://msutar.com/tags/nacos/</link><pubDate>Mon, 24 May 2021 00:00:00 +0000</pubDate><guid>https://msutar.com/tags/nacos/</guid><description/></item><item><title>Minio</title><link>https://msutar.com/tags/minio/</link><pubDate>Mon, 17 Aug 2020 00:00:00 +0000</pubDate><guid>https://msutar.com/tags/minio/</guid><description/></item><item><title>Bash</title><link>https://msutar.com/tags/bash/</link><pubDate>Wed, 12 Aug 2020 00:00:00 +0000</pubDate><guid>https://msutar.com/tags/bash/</guid><description/></item><item><title>Git</title><link>https://msutar.com/tags/git/</link><pubDate>Wed, 12 Aug 2020 00:00:00 +0000</pubDate><guid>https://msutar.com/tags/git/</guid><description/></item><item><title>Hugo</title><link>https://msutar.com/tags/hugo/</link><pubDate>Sun, 28 Sep 2014 00:00:00 +0000</pubDate><guid>https://msutar.com/tags/hugo/</guid><description/></item><item><title>Theme</title><link>https://msutar.com/tags/theme/</link><pubDate>Sun, 28 Sep 2014 00:00:00 +0000</pubDate><guid>https://msutar.com/tags/theme/</guid><description/></item><item><title>development</title><link>https://msutar.com/tags/development/</link><pubDate>Wed, 02 Apr 2014 00:00:00 +0000</pubDate><guid>https://msutar.com/tags/development/</guid><description/></item><item><title>go</title><link>https://msutar.com/tags/go/</link><pubDate>Wed, 02 Apr 2014 00:00:00 +0000</pubDate><guid>https://msutar.com/tags/go/</guid><description/></item><item><title>golang</title><link>https://msutar.com/tags/golang/</link><pubDate>Wed, 02 Apr 2014 00:00:00 +0000</pubDate><guid>https://msutar.com/tags/golang/</guid><description/></item></channel></rss>