<?xml version="1.0" encoding="utf-8" standalone="yes"?><rss version="2.0" xmlns:atom="http://www.w3.org/2005/Atom"><channel><title>Nacos on 花花世界</title><link>https://msutar.com/tags/nacos/</link><description>Recent content in Nacos on 花花世界</description><generator>Hugo -- gohugo.io</generator><language>zh-cn</language><lastBuildDate>Mon, 24 May 2021 00:00:00 +0000</lastBuildDate><atom:link href="https://msutar.com/tags/nacos/index.xml" rel="self" type="application/rss+xml"/><item><title>Nacos 配置使用 @Value 取值</title><link>https://msutar.com/2021/nacos-config-not-refresh/</link><pubDate>Mon, 24 May 2021 00:00:00 +0000</pubDate><guid>https://msutar.com/2021/nacos-config-not-refresh/</guid><description>Nacos 被越来越多的项目使用，我们微服务中也开始使用 Nacos 来做配置。</description></item></channel></rss>