<?xml version="1.0" encoding="utf-8" standalone="yes"?><rss version="2.0" xmlns:atom="http://www.w3.org/2005/Atom"><channel><title>Minio on 花花世界</title><link>https://msutar.com/tags/minio/</link><description>Recent content in Minio on 花花世界</description><generator>Hugo -- gohugo.io</generator><language>zh-cn</language><lastBuildDate>Mon, 17 Aug 2020 00:00:00 +0000</lastBuildDate><atom:link href="https://msutar.com/tags/minio/index.xml" rel="self" type="application/rss+xml"/><item><title>在 windows 使用 minio 对象存储</title><link>https://msutar.com/2020/use-minio-in-windows/</link><pubDate>Mon, 17 Aug 2020 00:00:00 +0000</pubDate><guid>https://msutar.com/2020/use-minio-in-windows/</guid><description>在 windows 如何使用 minio 对象存储？</description></item></channel></rss>