<?xml version="1.0" encoding="utf-8" standalone="yes"?><rss version="2.0" xmlns:atom="http://www.w3.org/2005/Atom"><channel><title>Posts on 花花世界</title><link>https://msutar.com/posts/</link><description>Recent content in Posts on 花花世界</description><generator>Hugo -- gohugo.io</generator><language>zh-cn</language><lastBuildDate>Mon, 06 Sep 2021 00:00:00 +0000</lastBuildDate><atom:link href="https://msutar.com/posts/index.xml" rel="self" type="application/rss+xml"/><item><title>Git Pull Failed ? Websocket 程序包不存在？</title><link>https://msutar.com/2021/package-not-found/</link><pubDate>Mon, 06 Sep 2021 00:00:00 +0000</pubDate><guid>https://msutar.com/2021/package-not-found/</guid><description>当公司断电以后~</description></item><item><title>Chrome 文本光标满天飞，一键搞定</title><link>https://msutar.com/2021/remove-text-cursor-from-chrome/</link><pubDate>Fri, 06 Aug 2021 00:00:00 +0000</pubDate><guid>https://msutar.com/2021/remove-text-cursor-from-chrome/</guid><description>最近几个月 Chrome 上就开始出现了文本光标，咱们就来解决一下这个问题。</description></item><item><title>笔记软件的选择(Typora + Github + PicGo)</title><link>https://msutar.com/2021/choose-a-note-app/</link><pubDate>Fri, 09 Jul 2021 00:00:00 +0000</pubDate><guid>https://msutar.com/2021/choose-a-note-app/</guid><description>工作这几年，陆陆续续也用了好几款笔记软件了，早几年，这些软件都还是免费的，慢慢的，大家都开始收费了，没办法，都是要生存的。</description></item><item><title>Nacos 配置使用 @Value 取值</title><link>https://msutar.com/2021/nacos-config-not-refresh/</link><pubDate>Mon, 24 May 2021 00:00:00 +0000</pubDate><guid>https://msutar.com/2021/nacos-config-not-refresh/</guid><description>Nacos 被越来越多的项目使用，我们微服务中也开始使用 Nacos 来做配置。</description></item><item><title>在 windows 使用 minio 对象存储</title><link>https://msutar.com/2020/use-minio-in-windows/</link><pubDate>Mon, 17 Aug 2020 00:00:00 +0000</pubDate><guid>https://msutar.com/2020/use-minio-in-windows/</guid><description>在 windows 如何使用 minio 对象存储？</description></item><item><title>如何查看在 Github上的注册时间</title><link>https://msutar.com/2020/when-i-joined-github/</link><pubDate>Sun, 16 Aug 2020 00:00:00 +0000</pubDate><guid>https://msutar.com/2020/when-i-joined-github/</guid><description>你会好奇自己是什么时候注册的 Github 账户吗？</description></item><item><title>Win10 自动提交 Git</title><link>https://msutar.com/2020/git-auto-push-in-win10/</link><pubDate>Wed, 12 Aug 2020 00:00:00 +0000</pubDate><guid>https://msutar.com/2020/git-auto-push-in-win10/</guid><description>在 windows 需要自动提交 Git 可以借助 Windows 的 任务计划程序 来实现。</description></item><item><title>为你的 Hugo 创建一个专属主题</title><link>https://msutar.com/2014/creating-a-new-theme/</link><pubDate>Sun, 28 Sep 2014 00:00:00 +0000</pubDate><guid>https://msutar.com/2014/creating-a-new-theme/</guid><description>This tutorial will show you how to create a simple theme in Hugo. I assume that you are familiar with HTML, the bash command line&amp;hellip;</description></item><item><title>开始使用 Hugo 搭建静态网站</title><link>https://msutar.com/2014/hugo-is-for-lovers/</link><pubDate>Wed, 02 Apr 2014 00:00:00 +0000</pubDate><guid>https://msutar.com/2014/hugo-is-for-lovers/</guid><description>The best way to learn something is to play with it.</description></item></channel></rss>