<?xml version="1.0" encoding="utf-8" standalone="yes"?><rss version="2.0" xmlns:atom="http://www.w3.org/2005/Atom"><channel><title>Theme on 花花世界</title><link>https://msutar.com/tags/theme/</link><description>Recent content in Theme on 花花世界</description><generator>Hugo -- gohugo.io</generator><language>zh-cn</language><lastBuildDate>Sun, 28 Sep 2014 00:00:00 +0000</lastBuildDate><atom:link href="https://msutar.com/tags/theme/index.xml" rel="self" type="application/rss+xml"/><item><title>为你的 Hugo 创建一个专属主题</title><link>https://msutar.com/2014/creating-a-new-theme/</link><pubDate>Sun, 28 Sep 2014 00:00:00 +0000</pubDate><guid>https://msutar.com/2014/creating-a-new-theme/</guid><description>This tutorial will show you how to create a simple theme in Hugo. I assume that you are familiar with HTML, the bash command line&amp;hellip;</description></item></channel></rss>