<?xml version="1.0" encoding="utf-8" standalone="yes"?><rss version="2.0" xmlns:atom="http://www.w3.org/2005/Atom"><channel><title>Chrome on 花花世界</title><link>https://msutar.com/tags/chrome/</link><description>Recent content in Chrome on 花花世界</description><generator>Hugo -- gohugo.io</generator><language>zh-cn</language><lastBuildDate>Fri, 06 Aug 2021 00:00:00 +0000</lastBuildDate><atom:link href="https://msutar.com/tags/chrome/index.xml" rel="self" type="application/rss+xml"/><item><title>Chrome 文本光标满天飞，一键搞定</title><link>https://msutar.com/2021/remove-text-cursor-from-chrome/</link><pubDate>Fri, 06 Aug 2021 00:00:00 +0000</pubDate><guid>https://msutar.com/2021/remove-text-cursor-from-chrome/</guid><description>最近几个月 Chrome 上就开始出现了文本光标，咱们就来解决一下这个问题。</description></item></channel></rss>