<?xml version="1.0" encoding="utf-8" standalone="yes"?><rss version="2.0" xmlns:atom="http://www.w3.org/2005/Atom"><channel><title>Hugo on 花花世界</title><link>https://msutar.com/tags/hugo/</link><description>Recent content in Hugo on 花花世界</description><generator>Hugo -- gohugo.io</generator><language>zh-cn</language><lastBuildDate>Sun, 28 Sep 2014 00:00:00 +0000</lastBuildDate><atom:link href="https://msutar.com/tags/hugo/index.xml" rel="self" type="application/rss+xml"/><item><title>为你的 Hugo 创建一个专属主题</title><link>https://msutar.com/2014/creating-a-new-theme/</link><pubDate>Sun, 28 Sep 2014 00:00:00 +0000</pubDate><guid>https://msutar.com/2014/creating-a-new-theme/</guid><description>This tutorial will show you how to create a simple theme in Hugo. I assume that you are familiar with HTML, the bash command line&amp;hellip;</description></item><item><title>开始使用 Hugo 搭建静态网站</title><link>https://msutar.com/2014/hugo-is-for-lovers/</link><pubDate>Wed, 02 Apr 2014 00:00:00 +0000</pubDate><guid>https://msutar.com/2014/hugo-is-for-lovers/</guid><description>The best way to learn something is to play with it.</description></item></channel></rss>