<?xml version="1.0" encoding="utf-8" standalone="yes"?><rss version="2.0" xmlns:atom="http://www.w3.org/2005/Atom"><channel><title>Git on 花花世界</title><link>https://msutar.com/tags/git/</link><description>Recent content in Git on 花花世界</description><generator>Hugo -- gohugo.io</generator><language>zh-cn</language><lastBuildDate>Wed, 12 Aug 2020 00:00:00 +0000</lastBuildDate><atom:link href="https://msutar.com/tags/git/index.xml" rel="self" type="application/rss+xml"/><item><title>Win10 自动提交 Git</title><link>https://msutar.com/2020/git-auto-push-in-win10/</link><pubDate>Wed, 12 Aug 2020 00:00:00 +0000</pubDate><guid>https://msutar.com/2020/git-auto-push-in-win10/</guid><description>在 windows 需要自动提交 Git 可以借助 Windows 的 任务计划程序 来实现。</description></item></channel></rss>