<?xml version="1.0" encoding="utf-8" standalone="yes"?><rss version="2.0" xmlns:atom="http://www.w3.org/2005/Atom"><channel><title>教程 on 花花世界</title><link>https://msutar.com/categories/%E6%95%99%E7%A8%8B/</link><description>Recent content in 教程 on 花花世界</description><generator>Hugo -- gohugo.io</generator><language>zh-cn</language><lastBuildDate>Mon, 17 Aug 2020 00:00:00 +0000</lastBuildDate><atom:link href="https://msutar.com/categories/%E6%95%99%E7%A8%8B/index.xml" rel="self" type="application/rss+xml"/><item><title>在 windows 使用 minio 对象存储</title><link>https://msutar.com/2020/use-minio-in-windows/</link><pubDate>Mon, 17 Aug 2020 00:00:00 +0000</pubDate><guid>https://msutar.com/2020/use-minio-in-windows/</guid><description>在 windows 如何使用 minio 对象存储？</description></item><item><title>Win10 自动提交 Git</title><link>https://msutar.com/2020/git-auto-push-in-win10/</link><pubDate>Wed, 12 Aug 2020 00:00:00 +0000</pubDate><guid>https://msutar.com/2020/git-auto-push-in-win10/</guid><description>在 windows 需要自动提交 Git 可以借助 Windows 的 任务计划程序 来实现。</description></item><item><title>为你的 Hugo 创建一个专属主题</title><link>https://msutar.com/2014/creating-a-new-theme/</link><pubDate>Sun, 28 Sep 2014 00:00:00 +0000</pubDate><guid>https://msutar.com/2014/creating-a-new-theme/</guid><description>This tutorial will show you how to create a simple theme in Hugo. I assume that you are familiar with HTML, the bash command line&amp;hellip;</description></item><item><title>开始使用 Hugo 搭建静态网站</title><link>https://msutar.com/2014/hugo-is-for-lovers/</link><pubDate>Wed, 02 Apr 2014 00:00:00 +0000</pubDate><guid>https://msutar.com/2014/hugo-is-for-lovers/</guid><description>The best way to learn something is to play with it.</description></item></channel></rss>